{"45.864520681630474,7.962757913700994":{"d":462722,"t":88188},"47.823914935973185,10.167236866293411":{"d":243044,"t":14213},"46.391269647122755,6.490327190470511":{"d":236959,"t":12724},"47.65342181593892,9.406326267592181":{"d":133370,"t":7954},"46.60807384707409,9.735195512919981":{"d":179605,"t":10053},"46.03584919280608,8.263966433794113":{"d":272208,"t":13640},"46.68089301104698,10.420510241361995":{"d":204836,"t":16252},"45.77246290390379,10.781642881845894":{"d":685676,"t":58746},"47.2876971577832,10.464917277509839":{"d":305791,"t":56313},"46.8623837042372,6.090241799472097":{"d":292255,"t":12563},"47.13129337595668,6.969454964539793":{"d":172783,"t":9654},"46.130163327528955,8.357148512578888":{"d":250571,"t":20768},"46.64876127351838,10.045191758687888":{"d":221951,"t":31106},"46.93186737683197,8.636678172079504":{"d":66286,"t":7481},"47.42042631611697,8.877955884689147":{"d":46194,"t":4863},"45.981069978968634,8.673186680094538":{"d":233163,"t":13659},"46.76715728129695,6.636572825028582":{"d":182632,"t":8615},"47.7491267052251,9.332649722126538":{"d":119869,"t":7055},"47.538058989934456,7.808520412238046":{"d":77132,"t":5817},"46.88225672853356,8.820198580422787":{"d":90443,"t":8299},"47.53132213771891,10.852491959648777":{"d":290417,"t":23451}}